lax.zc,lay.zc,laz.zc,hax.zc,hay.zc,haz.zc,lmag.zc,hmag.zc,lpc1.zc,lpc2.zc,lpc3.zc,hpc1.zc,hpc2.zc,hpc3.zc,lax.p2p,lay.p2p,laz.p2p,hax.p2p,hay.p2p,haz.p2p,lmag.p2p,hmag.p2p,lpc1.p2p,lpc2.p2p,lpc3.p2p,hpc1.p2p,hpc2.p2p,hpc3.p2p,lax.rms,lay.rms,laz.rms,hax.rms,hay.rms,haz.rms,lmag.rms,hmag.rms,lpc1.rms,lpc2.rms,lpc3.rms,hpc1.rms,hpc2.rms,hpc3.rms,lax.kurt,lay.kurt,laz.kurt,hax.kurt,hay.kurt,haz.kurt,lmag.kurt,hmag.kurt,lpc1.kurt,lpc2.kurt,lpc3.kurt,hpc1.kurt,hpc2.kurt,hpc3.kurt,lax.skew,lay.skew,laz.skew,hax.skew,hay.skew,haz.skew,lmag.skew,hmag.skew,lpc1.skew,lpc2.skew,lpc3.skew,hpc1.skew,hpc2.skew,hpc3.skew,lax.cf,lay.cf,laz.cf,hax.cf,hay.cf,haz.cf,lmag.cf,hmag.cf,lpc1.cf,lpc2.cf,lpc3.cf,hpc1.cf,hpc2.cf,hpc3.cf,lax.vrms,lay.vrms,laz.vrms,hax.vrms,hay.vrms,haz.vrms,lmag.vrms,hmag.vrms,lpc1.vrms,lpc2.vrms,lpc3.vrms,hpc1.vrms,hpc2.vrms,hpc3.vrms,lax.ent,lay.ent,laz.ent,hax.ent,hay.ent,haz.ent,lmag.ent,hmag.ent,lpc1.ent,lpc2.ent,lpc3.ent,hpc1.ent,hpc2.ent,hpc3.ent,label
19.0,27.0,27.0,230.0,236.0,234.0,27.0,226.0,48.0,23.0,18.0,234.0,234.0,270.0,2343.571502789644,1939.566373808902,1303.9573323494456,823.4086617599236,1006.6619291425773,1100.4496421866131,798.4318439427329,950.1717325234795,18.77273979406563,3.6862852055780406,2.761844424416491,7.676063091480859,5.692569923834792,2.7749784116560186,177.7354492606832,142.71338662451652,127.61582301994217,68.8312605961052,67.14244393810831,71.83851458247864,104.37845489179982,66.1411477186188,1.2526460094960996,0.6920996725742502,0.4675132751676125,0.5295884570167999,0.4059075354071532,0.2586498099203836,18.577650900783826,29.355693886848883,7.585358631893403,15.470043311534091,15.577410048207334,27.23803511032138,0.8825406047439115,21.714512273742795,31.108161810885647,-0.4401379113816226,0.7836589202909594,19.8499719938774,14.23877931720375,8.893678005748402,0.2562879635403036,-3.3279787124750797,-0.8654038972955663,-0.0748915768224399,0.1684980857303384,2.004781782550762,-0.29502434565654556,0.32848016387883966,-1.302143997048558,-0.21848621919312308,1.1553940357173784,-0.7052999243307247,0.7725170988760794,0.5374225256801908,6.616594414230916,5.263278817282091,4.834870216142676,6.4272542838591,7.874390297292514,10.059717684393028,3.932499294882638,6.61102027270753,6.932562049993613,2.314101015588035,3.8427431432818886,6.463843751859107,8.2707174705068,6.079809911516755,105.94745903830946,126.9400513354287,195.83013656738612,1.409642872341774,1.236203118749883,1.3846106163357552,200.92630086101641,1.150694086296569,0.45718074142246135,1.3443088808741503,0.7296849144657702,0.011036416093256925,0.007287808755533442,0.003949112510106635,0.8780921922435574,0.8483661593435019,1.2724975333418547,0.902084638053451,0.9177790675802062,0.6659406181822948,1.6283947154243448,0.765840557750311,0.36557451431858223,1.977268854605695,1.5942272501897563,0.7176533839206329,1.0693538214111888,1.1547953080769036,1.0
43.0,64.0,6.0,308.0,285.0,280.0,10.0,265.0,30.0,13.0,50.0,275.0,294.0,279.0,60.35860487816922,54.559945098934804,98.07624016001068,48.73055338193376,37.580368726614324,41.91194797247317,94.84818342073777,53.92095235949546,8.58034912532736,4.839508580553921,5.279659527548462,5.589138132111308,4.017888048631066,4.515191676396021,8.608913566964569,5.627150144524015,18.5576111530368,4.045380672587495,3.9701176210432223,4.240714305098043,14.411886021225861,4.206190999754785,1.1727158056826397,0.8033975207832306,0.6175610594333504,0.44770493787022464,0.34364039195950696,0.48177948804738907,7.34406374800181,6.751254970706402,0.3456511060799796,7.574508747772008,4.106507689770078,5.075629514849336,5.685368930169499,8.496743601946925,8.892528741890633,0.543408444094613,2.9158479927961416,8.055815738753486,6.288304215717222,4.320305777699486,2.1914192393159255,0.4934590931619139,0.6842747804044742,0.15732825215136992,-0.3572346230034051,-0.11438456482762711,1.8502017741394141,0.24418265908544956,2.3686574877589566,0.018493986904477983,-0.09733270131640337,0.24697726683878624,0.12974553994651447,0.4804664277642677,4.676696153444281,4.82736610624009,3.3570099658263977,6.620444339473266,4.044614318808748,4.457848228604418,4.732513756865848,6.97339178373947,5.20713543584256,3.5268642108534034,4.180981421525265,6.835028330123752,6.1077752350622605,5.347318717520472,13.199004915953083,2.745169698864238,32.970770610003925,0.07155219121095659,0.08919212880574243,0.18093661768166805,16.284127269839423,0.13760331302871354,1.0292025045843365,1.9001668983989137,0.608239100489289,0.011660137867767874,0.010397704043965382,0.00800655244120516,1.4993259566258146,1.310200109888768,1.976914234455987,1.1947305491290943,1.4183661846007665,1.3420395159183565,1.645021560984121,1.113905912342228,1.436676904519695,1.8597658032799904,1.5582471903643103,1.162923899280874,1.196810055710689,1.4313589219987073,1.0
59.0,65.0,37.0,292.0,306.0,318.0,51.0,308.0,50.0,69.0,45.0,311.0,300.0,284.0,20.426169376560665,15.183020189760555,26.659790081353776,16.127432144192426,13.933323539142748,14.555642126960038,27.52040568361963,16.757983101604623,7.243762256360787,4.036930106230089,2.599561940090588,4.129082064470868,4.082758418561056,4.158216280860608,2.6229149103041838,2.3588954557377786,3.958421808539951,2.479984388494149,2.3162752726183866,2.4879561727114736,3.8761541292583686,2.3960616937155,1.0096002585888548,0.6612374587571783,0.5042771287942454,0.6151563914546119,0.6859149895460986,0.6037820668550404,2.284304781939719,0.7245436109341239,1.3601662370531553,0.11551431174808702,-0.04877122693700464,0.012624204352042145,1.9195766102475824,0.433280731311779,2.396077842928431,0.44820929810384813,-0.36453087836977716,0.3346568611845129,-0.0207556952771335,0.7365742863712228,-0.0808844111759223,-0.22814361559494697,-0.37468333955882716,0.09460891568924155,-0.13594226952159916,0.006761200582683281,-0.02999033163763881,-0.10725792269423323,-0.043255816202253446,-0.02340917259601371,-0.18113587351252508,-0.10407626580457906,-0.08345936865483439,0.078335863766199,3.8265716337230993,3.2573699877874525,3.474732744835125,3.2624556308659165,2.7103751543289376,3.1029525168293572,3.9477312600590397,2.922703713217101,4.1033939133067605,3.2453266287994063,2.61551093355498,2.8140300491452135,2.8583174328600798,3.6240339558218113,3.5641369413777975,1.0596492394280557,7.147488072118355,0.04402774410241149,0.04771106813446076,0.06819784580749876,6.386409765044106,0.0562819448622489,1.741151623261128,0.346670244433547,0.4421626811970856,0.014961672623798732,0.015248064170414813,0.00992698965720352,1.6299135771485016,1.8354367300007193,1.758495090832941,1.852068074728869,1.9309989020897615,1.9472605813458896,1.711806328502383,1.7823742758702796,1.6464184158192012,1.9126616754379646,2.0568846978628077,1.8390556215610565,1.944901089176274,1.7849793639262306,1.0
19.0,67.0,1.0,268.0,294.0,278.0,1.0,284.0,5.0,59.0,38.0,272.0,296.0,271.0,53.981035205865055,50.830301016357225,135.20658099748357,39.464532981517095,47.36827045183372,43.54589980977835,102.72362786517078,38.52269893493167,5.0937390326050185,6.474540338354434,3.242335114758463,2.5474515455794307,6.222906026759484,2.3960369669394415,11.832793612054306,6.122725589818444,36.8347404178807,4.067782283036644,4.253907312000791,4.391198821430235,25.98008572695588,4.233786758080923,1.274610201233408,0.8019903787390023,0.5069544158504572,0.26146143166008406,0.5527098825687538,0.24519766738554324,-1.078531552391683,3.0496483353064905,-1.4193851083695765,4.83580048810663,7.364254323145088,3.869528612331271,-1.4380077549891102,2.7043384152477845,-1.3149754648500243,2.2615154099601487,0.9678020467749482,3.0398299067371912,7.907267237486057,4.40484303609006,0.16782595298881528,0.458593301663498,0.2034079652319745,0.7067476658813002,0.2130659748265973,-0.21280069670638385,0.20826924366074903,-0.1860692705629525,0.21708088788323135,-0.1401515275223817,0.3781981249244023,0.3797341733802495,0.29675960770004334,0.5018653407541862,2.8539424740026167,4.803003312686078,2.020505734949693,6.165183201586673,6.413780915478117,4.520296000793265,2.56820968282129,4.19114580404643,2.523650543345974,4.1238948702102265,3.0418881879289135,5.956020133762511,6.48902537673291,5.544930685863809,30.977985598681954,2.946125831698305,93.84440203261397,0.07565596441045656,0.07457031838108606,0.06972889030442445,69.97021867175222,0.0731452381806877,3.524122627868684,0.36523603675088395,0.26529989316746655,0.0048132549437565455,0.009651727535471048,0.004506623311605041,2.0245675699177963,1.5483350714324138,2.0712715312538386,1.4133148927967358,1.2470899183706239,1.41427984969587,1.9176171642008124,1.512016735183158,1.9913063052277769,1.6113540542389375,1.7907846390794977,1.4613817998660645,1.223409697846039,1.415910292206966,1.0
63.0,48.0,16.0,291.0,290.0,309.0,34.0,299.0,32.0,53.0,42.0,296.0,286.0,303.0,16.708259062136676,26.778044509186657,46.53318186155775,38.50720886549357,15.293824661369399,19.9478788738611,32.544362941664076,16.421145226102908,7.17272344142339,4.273855826985017,6.350387882680158,3.6181097308884027,10.687197176616973,3.3185124281604628,1.9500915684258435,2.7480775134823703,8.657572122637887,2.9004278807914017,2.487905123546674,2.4875053020644313,4.545874241159094,2.5159015635199866,0.991547738198502,0.5795055406763017,0.6635634457632782,0.5139670781174399,0.8016555262276401,0.5206818439877725,1.9402460629389537,11.635372318780988,0.625109507197803,9.661878757975094,0.22581428414362614,0.8544510335123974,3.3683103690274194,0.2583244038443331,4.960492087051753,0.9637996025322919,8.369340030427857,0.5475763940908092,10.288060201017956,0.0460334821727546,-0.4109847944577529,2.2171360460053617,-0.6996673515370977,0.36789489127556985,-0.09403404337709086,-0.11360415864719842,-1.077254330150174,-0.0029128128044845383,1.628495490196273,-0.3293759649495122,1.4280081047913098,-0.034144664435015494,0.4554159299178773,-0.005203879034749423,3.2457050773590335,6.121558144723804,2.3000116306567877,8.095013639750722,2.8061104205147087,3.534070936563828,2.4053125717778454,3.47890698444047,5.281584761536631,2.7216401066513107,5.815527623249607,3.0528305759723984,8.264432881718166,3.0344117171532217,0.5808002306495389,1.849335923513541,14.580788230050894,0.06842916131971456,0.04618344930133093,0.036595764681920044,7.200952998394515,0.045048657597087045,1.4743729396207985,0.29170820595384417,0.7902265212815632,0.010130572444738651,0.01886225335741958,0.008800018705016763,1.5617411319777827,1.2022652155435063,1.9032015723951439,1.1161610331450227,1.9146312259010803,1.6724445000564951,1.6955788728076149,1.8455803594766378,1.5912498493929563,1.727527332755408,1.3598581889132864,1.7844911919769177,1.129881178906123,1.892339849415356,1.0
63.0,72.0,35.0,324.0,298.0,297.0,57.0,303.0,49.0,58.0,59.0,302.0,312.0,300.0,9.924932981521579,9.313777400795516,17.354883252392483,15.095522973001607,14.163526136421297,15.432348861571427,11.24568604121714,14.917363689839021,4.047209337498886,3.103672934427565,3.465098863459587,4.392844599435887,4.677747562218336,4.451413380063824,1.7269810795168663,1.5873393722633014,3.4271926227268303,2.2798875764557516,2.27014381480689,2.305229024984977,1.9699323626280403,2.3163787613600517,0.8000859937232029,0.588327720259824,0.6040953047036979,0.7592271202258797,0.7373151051445219,0.6749173301336565,0.19819698444955325,0.15878775785123223,0.004920162142030282,-0.005656512265656222,0.0787579878720095,0.06859574451211614,-0.010917546744344087,-0.03712788957095414,0.16986290204525423,0.049897175277812345,-0.20830088272623115,0.020766391973667364,-0.010948621346295706,0.1900667892638559,-0.15482748192076434,-0.2846742404248534,-0.7634021978851963,0.07878169431099435,-0.0004818917131886354,-0.08061615643446603,-0.4082127623845931,0.14320876834335108,0.6562354881270136,0.3907781947717165,-0.26969082354535945,0.02857510582924305,-0.11831441617242437,-0.13696539446867584,3.041135812472531,2.3101336535808614,2.235225303175711,3.5686031876698454,3.0706061781676337,2.876960554193537,2.367717816414115,3.337625013778318,2.6879656735368624,3.0480340562216903,2.560191946936221,2.8954606484662944,3.4870977524933355,2.602672220660809,1.1259915272391432,1.096386990264829,7.9509684446336815,0.04055277675773568,0.03977432116709814,0.03403754103388152,3.408771355424404,0.040264236853543474,1.5449506663674235,0.5433543751945362,1.1269998295691008,0.013696726396583842,0.012415805860359957,0.010975724264662428,1.955081082624446,1.9250250550684862,1.9758195765058726,1.8473664886992929,1.8999882259622076,1.8289456187009312,1.9622878425073875,1.8690014400706843,2.0173207233274604,2.028645893262762,1.9560319326274316,1.9611668196906296,1.879952004881343,1.8358460757106563,1.0
56.0,70.0,25.0,296.0,291.0,294.0,54.0,297.0,56.0,47.0,59.0,295.0,296.0,290.0,30.915949626139536,30.520383001935443,53.188727507135354,20.703099387380917,21.891729553578898,16.62853204945577,47.13142578170164,20.792400435279433,10.612435644655239,5.747322994727264,3.742186381380101,5.014634648800671,4.67014829137436,4.848265097638139,2.7951014550500664,2.622645759353655,6.275598554351602,2.7612236541552866,2.574670281691727,2.6266220458447265,4.9786229253774925,2.649076548792474,0.9916207778478309,0.7972118447779528,0.4717351285193498,0.6218170741312199,0.5672619451232808,0.6336153034157026,18.308527241404406,13.38350543582225,23.502164515622088,0.5696708736801286,1.3615348430793084,0.14968655552247112,44.84708937308779,0.8123000036785171,40.909546116010354,10.885561865131786,4.8246183901067665,0.6515384649245219,1.179467459096272,0.4455489964943271,2.7256918928163367,0.08804162957782262,4.3559400157513455,0.02087246409123455,-0.1978239391091843,-0.15388559145863723,6.262808233202956,-0.17832019960060633,5.735598871901216,2.7961523156294414,1.0881966192952368,-0.05822729293020744,0.19368771836930004,-0.01031548990868128,6.963548114136977,6.417400148579405,7.368899922515097,3.7354796472077973,3.49983702469001,2.975034563650294,8.429377121769594,3.1546976489455694,8.26137602162242,5.561287488150881,5.341507717541775,3.958404307925811,3.913895875953602,3.904749865388005,2.0682149698029946,0.9343261382378368,8.535107809771597,0.044109002195139836,0.11179624643205169,0.05308747472687348,5.229663586558151,0.0710556905433475,0.8901080241234527,1.0149059988670124,0.29315360682222863,0.016706368113435725,0.0250790502484165,0.01317417611435409,1.0762086708225491,1.0588489874521723,1.0610283948437695,1.7179442824622952,1.6067717397090353,1.8820806391951461,0.8669727105271549,1.6672247583557638,0.8643473876309717,1.4443061765430174,1.5764887572949529,1.6520586442615524,1.6235651690505042,1.6962701085098637,1.0
3.0,51.0,1.0,294.0,285.0,282.0,1.0,268.0,9.0,39.0,12.0,283.0,266.0,296.0,103.01979961421716,46.5555966329016,190.63100146150987,26.648495256138176,42.80687499546593,34.17236139605916,160.52558327190127,40.271262647982894,6.963182384562717,4.925647242198011,2.1876492980612996,2.3520568248541296,4.831025364172851,0.9127769571099278,20.09331253527519,6.914172659622501,44.140048465884185,3.2842690606439313,3.746269217856837,3.716241025425386,35.398670887575015,3.6721417025431595,1.3847343663963128,0.7914281201658474,0.4134098553686986,0.20975575874600363,0.44032742299630373,0.1253996798595737,1.9423042431367392,2.7247351369106214,-0.18891188241406276,0.953975507105862,6.002554622463212,1.7844825548127528,-0.04034308646105522,5.399830059057212,0.42789606713375594,1.2944645540245565,0.20081156301457126,5.992497851341657,5.182222215248387,0.7438834371892038,1.6589581935617264,-0.7626983420148751,0.6321659065115334,0.03577205215164208,0.4729898500910363,0.15663867869456852,0.7097863569260323,0.3387734871533801,0.773031445551104,0.6291205845546585,0.4530859349290293,0.48389905580471043,-0.40363942601870767,0.06435274177361623,3.2911003878355833,2.9631411023163654,2.400281175275839,3.579726918455622,6.660738299572102,4.4246392473244915,2.3268204434573856,6.661401715583728,2.5869296947889757,3.740053367435331,2.5486935410428972,6.916021172836134,4.6422504604847985,3.2716491436537543,39.244833308304955,3.0504402848838406,75.83206105318344,0.05768105598822904,0.0696759005775686,0.09087022320247688,61.66191838897706,0.06721152082609336,2.320660246261766,1.0999294812713405,0.42893329456327434,0.0038484715600886586,0.008225242556691435,0.0024619848899487835,1.456062708062815,1.6532166203922816,1.763481478615693,1.649819474169992,1.2753650939848011,1.4891810279641835,1.6779967044208302,1.2757497116368908,1.741400738099985,1.775501971591129,1.8006509930577081,1.3153722793576008,1.3167846465700839,1.7299218033062898,1.0
3.0,62.0,3.0,293.0,277.0,285.0,3.0,279.0,3.0,58.0,44.0,281.0,277.0,289.0,53.358902817459466,51.41427037686344,101.82192252868867,27.741366426393597,44.904470666293946,38.181607796902426,78.22223665731144,33.3001436436507,5.0046449827246065,7.599700548439078,2.43433113501759,1.894657085044071,6.706812929786784,1.5595378726393427,11.898243409794828,5.097080469909559,29.731679848292092,3.3291367008300963,4.232282590071476,4.100963832006978,22.332655550673955,3.840124411541828,1.3257303418430186,0.7619961107772136,0.3672769280694927,0.21930080217103917,0.6291251978897356,0.2034011976890059,0.043152306120485484,6.4749053574336735,-0.8106586716446373,1.2686699466388118,5.210204374859083,3.4119900486431494,-0.867217846915108,3.4413683484335404,-0.8322359510477337,6.168571590716301,2.0346604739123704,1.9805921892884895,5.287358841057049,1.7270351650444837,-0.9975005184155141,-0.17130852372157235,-0.813401600386951,-0.02406840233736601,-0.05273280949581447,-0.09276477942308373,-0.8081612864253617,0.3914266585707762,0.7713396397298943,0.15672279529626432,0.4630786149452571,-0.1113649671967637,0.05790258613306651,-0.04085915033284364,1.572195420403574,4.902444149817518,1.2892733563708094,3.9011770040523026,5.647553219847527,3.847096615350702,1.3833569782060842,4.609102810940203,2.35102073621412,5.199444695400202,4.303947642273684,3.905445677018738,5.010657652091396,3.5502728189142623,29.262350423114786,1.7262606272616854,84.72539267672656,0.07116161947258107,0.07375067006195712,0.0745121664533958,61.71886013757567,0.07142895577448198,3.6511819911758194,0.38447550841610323,0.33911323391772735,0.004802032776097731,0.01095609162949996,0.003974671574937404,1.8989387072662065,1.322301407271256,1.8951965407386488,1.6265909202508264,1.3325662875897792,1.4217732818061317,1.9312626979176724,1.543227388296976,1.924946856496746,1.303427463625741,1.6375893306105689,1.5462232943591216,1.3337971347414679,1.6623246023099494,1.0
45.0,75.0,62.0,290.0,280.0,295.0,59.0,294.0,51.0,56.0,57.0,271.0,286.0,306.0,10.331489152667245,14.838174763426196,8.926101977199778,14.363092301345432,17.13483851359797,15.87192698012268,10.345595570361183,18.247149141180216,5.163636586215454,3.0747286647782657,3.6464941776702062,4.696488619708639,5.4575733141376945,4.662345205336177,1.9048370127536514,1.7753158487550198,1.5249723541558535,2.456878207742964,2.4182057667261008,2.433029775287369,1.6278692316508336,2.490118933738509,0.6673693422955704,0.5173661092346055,0.5150769049470973,0.8040314401386857,0.8601889018390084,0.7429044165439005,1.120261986103901,4.6973142835846575,0.3797326115156783,-0.09404211326691847,0.40714230159771647,0.2028815011575733,0.7556897605046511,0.5199641501773415,5.524283101814309,-0.05662303710044769,1.6429881742190258,-0.1523391935987961,0.2635323754394401,0.25890957397833514,-0.9328192176232589,1.1299035998347564,0.07748562233757572,-0.048630707867952615,0.011186397988702475,-0.010828283068382178,-0.43844102400276,-0.17744837006470984,1.5061073229641257,0.11916474704324731,-0.8828119850428066,-0.08291481455583184,0.22148307362306638,0.04530586999875093,1.902291648519312,5.460822437790864,2.9897156741705517,2.819168143351327,3.2913236732214397,3.39698904011815,2.4058978361569414,3.858647260189027,5.636384854941133,3.331237930388942,2.3803727375523245,2.8184858275801963,3.198633321836334,3.4255858821704837,3.318604541900851,0.9561383620498851,0.4025215466340316,0.05789879007694255,0.05021768852369149,0.07285213846099893,1.3077689948374849,0.08752583873008646,0.9405160880857868,0.11234959050506929,0.572016499983946,0.017206828623297202,0.027991047289446687,0.012771849200476457,1.939316447362481,1.5339926502297634,1.9373505293831361,1.967345878854317,1.782476068297785,1.847307945500967,1.8563685609323484,1.7383621867504826,1.5991798520070784,1.9460636529170559,1.7405778485317838,1.9604767118764586,1.8758552841703247,1.888851866620646,1.0
65.0,64.0,50.0,324.0,286.0,297.0,58.0,300.0,48.0,70.0,66.0,289.0,292.0,322.0,9.445767875526371,11.397274271240804,10.218286098671342,14.717962100867908,14.70074544710269,13.466287979642857,8.744922460947237,13.11690791018873,3.541847633228496,3.452474546800075,2.561444971952838,4.728798529040091,4.752272138546845,4.655217036993198,1.519111599563952,1.5214648414195524,1.8844324257758032,2.4360989007303337,2.1557542149112607,2.3449040302490594,1.665778670595306,2.2833892723082356,0.6458818957673763,0.5560832402933547,0.5059036527835555,0.8104984138985705,0.8070924521615622,0.8013189631376232,0.11693538661068414,2.1168409533320043,-0.2073475329502794,0.09040896742492555,0.27908526204042783,-0.282429062729606,-0.5235956673230016,-0.14267638932469984,-0.08457051234091484,0.35504017433419577,-0.07396000519806467,0.09630238915107903,0.008055743634911128,-0.2526069485047211,-0.1323552727752781,0.6304699362020211,0.23646360913737974,0.08011837248257295,0.1426960436938367,0.004508294234496612,-0.08552182606767295,0.111805970230096,0.1174160495208173,0.24936900850245317,-0.30171631466358534,0.047487163680436505,0.07912591032535272,0.09137153278133173,2.9672699092652497,4.690231056053043,3.0472436216581547,3.1303071050213855,3.1977303525514493,2.563920921427331,2.655456683532009,2.945040116096276,2.987604913196841,3.628295152351794,2.3272737551887475,2.969055632207282,3.051554466929323,2.868261989938223,0.8350832824599616,0.506577457204392,1.885785397240326,0.033976124865688816,0.04533578475792531,0.03837060034554183,1.0423653478633685,0.04300515934987623,0.5393671032218484,0.21863953542090067,0.4037575606440205,0.013031962753140395,0.016715803868388824,0.011667908386755249,1.8852310846247242,1.6924689661417576,2.015660207641139,1.917292056326597,1.8262746912079793,1.9721859072424814,2.0440436621249005,1.9628548184764036,2.0248560406702416,1.8819947864713327,2.0673062912504303,1.9498345803006305,1.9504549445358867,1.959842118502537,1.0
5.0,54.0,3.0,301.0,274.0,272.0,9.0,274.0,5.0,52.0,46.0,291.0,272.0,311.0,44.83472744058463,25.784525167040556,75.10537152319694,27.211090827226144,26.04193356138512,31.772419693449365,64.77037629390816,33.15554260201088,4.15752655910816,5.44745513681272,1.634805690396736,2.089955323893041,5.392063040488617,2.0837900026260145,12.181917136904671,3.4939038803706643,25.148505828922524,3.094450997332291,3.214748761903536,3.3177206217014517,20.089544026066232,3.347113802931441,1.364001994857319,0.7262014065037206,0.23681562536585138,0.20199415141894414,0.6648122358533627,0.19850903362432912,-1.3924780610711347,4.858834803093603,-1.7142088339269848,2.5104005937463327,1.5316328549504412,3.5613491532058177,-1.6426524802407687,3.5739246362013493,-1.686773488038466,4.690672904088673,1.20490172613788,2.8836507986630835,1.5175272287244743,4.842743475512542,-0.23381513200594628,1.4621887235706132,0.026488066235021843,0.28053599331288076,-0.016716308640861648,0.03578778715335217,-0.0766664644122823,-0.1829218705810788,0.01663699775481537,1.322498452491898,0.1971968847839072,-0.16434087408891818,-0.03029865219998999,0.5425200759907725,1.5765090058424758,5.261568112381842,1.3294783311496021,4.986300226037027,4.03251881664019,4.707631681513493,1.380196051976272,4.996246045010489,1.6773612591445246,5.21185459376183,3.0454876395999637,4.45424652949384,3.9641485358529036,7.065040838036356,30.07347772583794,2.9426439315245165,67.58976500461061,0.06595717828375718,0.061352734709907215,0.05523169698512698,51.830412036237675,0.06208484632143139,3.5994258594839885,0.42211183095347005,0.20148278796402694,0.004417199607969432,0.01268010617689276,0.003722177216625224,2.0599184327943383,1.6205036900359242,1.9428959644744785,1.5561726454407816,1.6101083041211566,1.4238146881708262,1.9427037281884716,1.4088970625253212,1.983072061098308,1.613299329337065,1.7463597076159831,1.3894147549555351,1.617476253863866,1.3694298006209134,1.0
17.0,51.0,29.0,297.0,278.0,307.0,19.0,300.0,19.0,37.0,25.0,308.0,286.0,307.0,30.340109268367087,38.268553340404196,25.633560202363697,15.538179658801255,41.918823651696584,31.77930701650439,39.36295498011441,30.901552419302334,6.317557690504751,5.860013469357618,4.81056847580493,4.750301588829577,7.57039575660912,4.028321194762089,7.33366683779561,3.7045818062843923,4.408382893827966,2.6418689617866717,3.3719308182309358,3.024013567648062,6.2435298318238415,3.1570077558008176,1.0461287996524111,0.7660345196936458,0.62050067164513,0.5070972149068856,0.6339564938393272,0.4503719544244127,-0.9035030872625818,8.06425722186073,0.08549053142539931,0.03992305707390553,9.092955484163204,3.087066218986802,1.067208404554365,4.916969243867765,0.6855790044369039,2.456936782413994,1.7470266218231059,4.457765520220538,7.659652630473847,2.3146478211621364,-0.30046227180384516,-1.22213551532681,-0.37246288615031736,-0.042289126221596945,0.4719339666452977,0.34614325386407785,-0.6239583856034611,-0.5675120387237108,0.5408983822822861,0.19963244988715773,-0.14433346408782088,0.5350741753663514,-0.4875091875070544,-0.044158887802034065,1.5974436788399902,4.257694006851341,2.93064894177656,3.1040044429455595,7.164473343420792,6.007212609089423,1.7132925803662722,3.9903485910461747,4.388224200727255,3.536211139940794,3.9791519057426585,5.79832738117073,5.689823721117347,4.501300468583951,17.223381426973173,2.92311491151274,4.733369579061331,0.08088267184947759,0.06085549168803883,0.04995142140488701,13.135335095852874,0.08020920905528169,2.242298254151296,0.3657107943036646,0.8687402148832766,0.013230739445666058,0.010207787130432222,0.007361030029993326,2.0669906862250578,1.2484233715159812,1.9223210932495072,1.9529294765364402,1.1507287877294814,1.384153116123749,1.7007677904185172,1.4087944710673481,1.716198330625206,1.6322888035411396,1.646897442672393,1.4319818216586164,1.2168640591990627,1.5352544234846497,1.0
56.0,70.0,45.0,291.0,299.0,303.0,44.0,299.0,45.0,70.0,51.0,308.0,302.0,299.0,10.227994988359342,6.939964089903242,13.326248428643794,14.640496121154683,12.72213046637171,15.031949158455063,12.126883063132482,16.72893089269337,4.333444727837026,2.869368185488529,3.857909209525377,5.860226637145171,4.500665647743938,4.866569926653995,1.6168767544647051,1.2590464011546767,2.0574850176326276,2.4234072472201302,2.297361154984455,2.3884478211284916,1.9598787818462808,2.4179030991980084,0.6925240450834763,0.4711280165270407,0.4935313576952833,0.8221149001434461,0.8473315712484849,0.7727485970597686,0.5551494872515321,-0.0722147156909263,0.4811016052593384,0.15478774478332546,-0.3522069622872648,0.2479857361030149,1.0504379613686465,0.16737335405665332,1.001316566291381,0.049288113240749,3.4344608783416293,0.26412267390425503,-0.2530188341002133,-0.12611273730219885,-0.07963220056721156,0.03855838531259418,-0.2974288529827172,-0.0914956141961658,-0.028724871205197622,-0.12383886975864805,-0.7594788336804786,0.13556513025449232,0.7541353597914093,-0.05099796750766293,1.030949042615093,-0.13257128742600116,-0.011306197582477253,-0.024218207259094973,3.5619445103233467,3.000452461006389,3.3116923174601576,3.0767432560926626,2.976830554469966,3.31213426067541,2.4663935145811937,3.09039087340516,3.733382328705515,3.052976920307393,5.147503775697987,3.867534914329036,2.7144231191127473,3.099580966263804,2.0867877175678364,0.8835070150976702,2.938522474746978,0.03779607381684696,0.04913032801074986,0.03527070083428589,3.245047492189096,0.04870527472331824,1.1659009659167527,0.19417525641060962,0.26362257330895356,0.015586133612503257,0.015757214838808455,0.011810186539842697,1.8568977039124246,2.0198340971406066,1.8203718947160836,1.9122498526590335,1.9903224515174398,1.8704001222072573,1.8505413777841067,1.7835018335862258,1.8143278854880647,1.9252754670337595,1.638400816585125,1.753979390181797,2.032161195187163,1.887053947138514,1.0
67.0,68.0,48.0,306.0,293.0,277.0,65.0,287.0,59.0,78.0,52.0,283.0,293.0,292.0,8.105164942355032,7.517027996075285,11.176923471481587,14.10818932338816,16.006299464177573,15.431443399666932,10.710990815811783,16.457635227123774,3.500331742149821,2.987795143497433,2.715771021264451,5.140126439473979,6.1044376275159085,5.126978050384594,1.3764246836666616,1.2360641450964818,1.651563656715104,2.4149651304197626,2.399432302086607,2.3378173890689857,1.4856106718945266,2.3898446415384345,0.5595382098853021,0.4618125071256105,0.4958515009603241,0.8465252737769949,0.8785424500537459,0.8233942410132944,0.15827802262790858,0.39064588326493865,0.3022337271127036,-0.0749861095926958,0.24165735598677118,0.16955168554443523,1.161013144896236,0.26316971149891266,0.693389578867194,0.9578901341860582,-0.26467104663621566,0.028546097319164243,0.29120247408987465,0.13334225638246355,-0.10305868367082799,0.10551173825095239,-0.4994646444134768,-0.12107754536120481,-0.10241620994617139,0.07341686413946544,-0.2592219625849858,-0.005774844096375324,0.3427901297214398,-0.21233194719187345,-0.05373406730764628,0.04429211066690676,0.08388255652508199,0.07853176644962873,3.008589325567153,3.29469924191053,3.2386686811768644,3.030398755136911,3.150946678716957,3.713539455169828,3.6429058868210626,2.8289759686571774,3.5150910943707765,2.8667664305545486,2.326136257187038,3.1343416471982133,3.5143758779020455,3.2806574609458043,1.4205782889407277,0.5240701404897694,0.8814627676104141,0.035498909010473534,0.055845415769341655,0.06186087511365276,0.8829207394651638,0.0654309863865523,0.34705131632584374,0.0764485331420413,0.5091919633962342,0.015553114812358116,0.024648090613342905,0.013703288784376773,1.9360017032280408,1.9131183846091377,1.7867042023395994,1.9672135388341885,1.8335151559107676,1.8376034265875836,1.7342333501186804,1.798442923722079,1.869919528547914,1.8270601453844826,2.0024450080568017,1.917407678890562,1.7872747861301286,1.9065568874021293,1.0
5.0,11.0,9.0,294.0,276.0,276.0,9.0,292.0,11.0,18.0,38.0,270.0,282.0,270.0,61.74892683570238,41.45425719214063,104.88130242834814,36.701738708713265,56.91078341361845,24.667883762314432,73.01574850150791,35.79302187547273,4.7533741929389635,3.4289103143582587,2.7653740287452107,3.3407189426080306,3.6725224371680465,2.093537209234894,15.204327397957222,9.792881567777165,36.80955634986708,3.8871120366667924,4.290714486502215,3.377257762287875,22.865002402244965,3.791605437662146,1.5523217315259956,0.5320523427312551,0.25150916243950566,0.263054299361624,0.3401311011489851,0.2099437473953143,-0.5813660866097816,-1.2099902451224471,-0.9052365304975276,3.4960588531110908,13.4085455406887,1.0947120811594804,-0.5123539081021153,3.4520069573494165,-0.9115136737871423,1.9792960220039584,17.14985626216973,9.896931737677585,6.5047515195015,5.622751967518274,-0.9993465227821909,0.48237540336824936,-0.8111196133388066,0.24473329445815228,-0.9694884796607554,0.1503433968069343,-1.0760764994140486,-0.06940503859930905,0.8263823109292019,-0.9674400282668824,2.1268184885310153,-0.47130873246503335,0.39307354421461904,-0.5460626653469816,1.6363567072249172,2.8561031505254557,0.9450236375536784,4.925696347961015,5.252469117189779,3.9344064350289085,0.9531128256831515,4.479442937919688,1.9892111272875337,2.768323589041343,7.290674821147854,5.153714530215456,6.49274914533314,4.0458563797220535,38.25514248789424,27.550654062942733,107.57130715413788,0.07565132904949978,0.07819506620952613,0.05329005278269335,63.69314034805284,0.06211766250564523,4.546287277225523,0.5016842964207313,0.18190548744688476,0.005372592668790569,0.005693160605066146,0.004113605866575229,1.5969611462317503,1.90919821982884,1.7122420402190832,1.4261698919254149,1.0847985974818677,1.7323929585901152,1.6726420988582458,1.447544483988143,1.910403855782635,1.6279310848361286,1.0582321042057883,1.1701210098393344,1.2625670907269546,1.4004279040532055,1.0
13.0,11.0,1.0,288.0,283.0,284.0,3.0,286.0,1.0,31.0,62.0,289.0,274.0,299.0,28.3449310243293,38.585563567879035,108.77983837860029,28.925422412874468,54.519978601308594,39.56056521579285,57.999842158450065,34.908301658106666,6.1798557130601335,2.936919874081287,2.2964625732438297,4.3335330171633,3.3466080806238194,3.8449460294155426,7.001188627066128,8.444930243610289,25.309824547933847,2.9752732718283346,3.8818174236938057,3.461342899405593,12.615931864102365,3.2852473300697835,1.5086562737386982,0.5363673283293048,0.274573712638542,0.3436328474217253,0.39036337044188385,0.2696812031508667,-1.4782584977624076,-0.576459978685782,0.21198460400707742,2.601538282144176,13.352208331100364,5.044774310043358,-0.17225865348967906,4.512985723467688,-1.1840162806274235,1.2022871405342084,6.978034527796421,8.871318935933484,1.9011989897488277,12.258576672023993,0.24881150244114095,0.37232547278282213,-0.7293985870598029,0.04655229483641724,0.7767687121992012,-0.08566272381978128,-0.4860533969706569,-0.12072965912551364,0.06595109084505858,0.8303870011829229,-1.8398690009585073,0.652510285061692,0.1876546542227457,0.18462373288110095,2.346700199606573,2.729941871450674,1.205165801880051,5.276584810905819,7.883813248758873,5.6380825409316415,1.633013597970018,4.917740579031636,2.6322678099763412,3.443597920196919,3.427797538678981,7.555258585796539,4.574014813271462,6.973395786162297,18.927591877333843,17.56293432609329,51.090523898051515,0.07093445866482459,0.06897941755837918,0.0787814960504529,27.655984241353337,0.06271148854376839,3.5961385651377293,0.8425463766104941,0.19247980905451914,0.00542839208435184,0.009948823875285898,0.004691189753416705,1.9407951642330639,1.9535628235021487,1.426697868809664,1.4582563347003041,0.9984789268827797,1.2902222362631706,1.6900604550401404,1.334785170923423,1.7544937208661975,1.9201623608418505,1.4004530694160613,1.1471376019082393,1.584039651961705,1.038608553052107,1.0
21.0,54.0,10.0,308.0,296.0,302.0,15.0,287.0,5.0,59.0,69.0,302.0,305.0,291.0,12.18691207080451,13.499532198191446,15.174696297192895,14.53523113801748,17.2171161577171,13.731565492895243,16.450667790670195,16.448861410188783,3.890931617235844,4.682988293451254,2.760210118627733,4.154600924643707,6.127195894140211,4.050985475900219,2.510136711028276,1.5919036985343487,3.3988758931333676,2.5031845917862032,2.4097287318787646,2.4777720815821493,2.881013981572914,2.472920086593382,0.9995604446036203,0.5157801794955844,0.39807307474314535,0.6750219836003906,0.8131161121042688,0.6207595876542928,-0.8018077162429975,3.381571911755964,-0.7262676017467466,-0.27101423661076485,0.8040487525051452,-0.1477451259255682,-0.006306462297974047,-0.005379316257037914,-1.0563223071078218,7.088434084232674,0.2571752950591333,-0.22938051306015828,0.918062296727689,0.2022484488371603,-0.2857110748303511,-0.48155224081498377,-0.5530930481337182,-0.21283651673459755,0.2388733539762668,-0.01879975131753777,-0.6113488344894045,0.12013321442860095,0.545384286265485,1.439317704074503,-0.08312126838273412,0.1086438062132696,-0.2988279569080922,-0.20204091742538313,2.0488880323445677,3.2790325446021464,1.7383029188327346,2.523704517491498,3.741998239024759,2.6869262472170057,1.7420124937470267,3.4168524705770444,2.5225845318303595,6.166890457021874,2.896321175027086,3.211832416002603,3.3106329691145806,3.5721317616654806,6.082114287464127,1.2373905479021667,7.827461188714464,0.03796297809754893,0.03463196485343835,0.03883624227442049,6.83841687372887,0.035500673956412224,2.495470417558136,0.423505647181692,0.18719447516977888,0.01025031357788239,0.01149177500951209,0.009891524303680522,2.09868435950114,1.5344887125090174,2.031720829219038,1.9492508125829477,1.755671823674497,2.0086447704030124,1.8116979282269254,1.821795492938544,2.0320170961951467,1.460346750395468,1.7831270243717223,1.913814749167731,1.6965713036733292,1.8431765963108167,1.0
11.0,17.0,1.0,281.0,282.0,289.0,1.0,293.0,1.0,53.0,55.0,278.0,280.0,286.0,34.254573652656745,30.25553781261533,85.02988167940566,18.363161997446923,20.279956108297483,27.823217574175032,57.1138391427271,21.738824036760434,5.384957204838086,5.34219563809725,2.6481878430888433,2.809637279761004,2.664673847824046,2.1614354863952214,7.12333415018672,5.791807842598082,22.71081117052428,2.7983063233082817,2.9503231277356963,3.6347542015822127,13.151589212686615,2.9529600500284383,1.4718743206712537,0.5751156364310063,0.34797432173516,0.35323245032218215,0.4059237036568964,0.2676338154729068,-0.7762177163339774,-0.3757256903126911,-1.0261748094448209,0.4924943674285198,0.6830781676862623,2.7274263934227463,-0.9146779671378842,1.3508569058661282,-1.4389125396359896,4.3322844472402,9.08812647302354,1.818464127064222,0.5511390466186565,1.3675399337766585,-0.7236170569428774,0.7734927531701189,-0.6308498888202115,-0.2453445580866451,0.22674923288845739,-0.3620944917088296,-0.6356440443365791,-0.36189933260627805,0.4573206839104398,0.27248186605187574,2.2684749981445456,0.2083588808918212,-0.05434227662091265,-0.012456448466742955,1.8605308853262483,3.14544136165336,1.0222028344309098,2.9260555228155356,3.8521966233224485,3.154915728636051,1.1833727875776316,3.3506921328891943,2.50788731200691,4.839897998197185,5.3180140816926045,4.067917551693179,3.1793408712918234,4.287550953194604,18.973934742422806,13.311254042856097,59.572730377279186,0.0712836119717706,0.056926942544640674,0.06433689559534372,35.16787705891978,0.06742147474836531,4.09315460163586,0.4074622856808091,0.16180923135000005,0.006038139463809973,0.010583146892256142,0.004610036862854964,1.7767150053211513,1.7959586979610156,1.481267707082664,1.8392004293672564,1.8108804799339744,1.6407210427609809,1.6463064316998905,1.7209690814823935,1.7606661199393057,1.4224665872115199,1.4619093592187278,1.6486322735785703,1.826472122363902,1.6419274069425358,1.0
70.0,58.0,27.0,285.0,293.0,278.0,43.0,289.0,41.0,58.0,64.0,273.0,281.0,303.0,23.172523449533855,19.481549826590253,32.569113806678615,15.471445650785654,21.707133000159047,17.8604895508347,24.377247498121505,20.991419077276987,5.360406440351983,6.995975713929484,3.4860840421229113,4.890005192813941,4.30707547076454,3.7339352552858385,2.391160530029806,2.4610983760499927,5.989042076918045,2.5920010883254463,2.6120739752638786,2.742671030379964,3.5126314052814918,2.5840586167337265,0.9685623582820779,0.7297458781612021,0.49988497981163044,0.6147322263303232,0.7032762182107438,0.5831711605625572,6.672545604592141,3.1802128326372037,3.436167131169288,0.1107806694415765,1.096997595982148,0.4161393199617498,7.3180617908133065,1.030937722707141,3.0001662482564324,8.268709456324187,3.9345164749105095,1.4201358418223347,0.29023699760142563,0.10428209017540535,0.013757093676950547,1.0495405077561575,-1.8555876515858194,0.05374105051380072,-0.03637610975068974,-0.02835390778473717,-2.3521166007759744,-0.07045769574379576,1.6036494801010772,1.0997189264803615,1.547674955728255,-0.25743200309917413,-0.008252829992244396,-0.10584497042817662,4.633377145187237,4.6205150733524505,1.2722193103729542,2.9979279507768783,4.201578169236333,3.3466267849353204,1.8684778499992873,3.7897184660860037,4.046775074309069,5.601908831375463,4.709956386365132,3.5541281469626664,3.0052343129837946,2.8405326783905815,0.5331794964228224,3.593434526514099,14.055384329543372,0.0748889746824388,0.05454763367625426,0.07584288424064196,5.543608050348968,0.09303728910416403,2.1826478997068164,0.38012239702621853,0.7629124320110302,0.011356336017440643,0.023283309596571187,0.011085478844430544,1.325943042739721,1.56877678944937,1.7298710576146408,1.9372881956165273,1.6262697801337926,1.8493182966436807,1.4798692465895167,1.64502538667512,1.7822606766816098,1.325828625068076,1.6221313123559669,1.6422103584114949,1.8972937261807685,1.8754141435966887,1.0
58.0,17.0,1.0,299.0,280.0,270.0,3.0,274.0,3.0,54.0,61.0,280.0,283.0,292.0,27.68184053324285,25.1715387858344,68.30895649219383,32.8069485499268,21.78507862815013,23.48876791188195,42.89364487133116,29.961519694491926,4.952672825216156,5.834589446247053,2.2711720192394393,2.9185944276639173,7.078094222880987,2.231708810013117,3.656385479775415,4.775227860829474,23.655675562621514,3.121728141357366,2.709016698212744,3.2298329087606823,11.291100969612772,2.9866375163066743,1.267188661899495,0.7587372697012468,0.33644901545662076,0.37044937596776945,0.6489088301477245,0.337971475423802,3.5503535179228756,1.2159762511536165,-0.6506269886959788,4.115641044928697,1.6440596024061769,0.6276132651217017,-0.40194555371172713,3.961465974721296,-0.27077992133260365,3.4600057551432055,2.331311278480724,1.1977808076730936,4.653273450098111,0.739565652883166,-1.0711372617407402,1.365243298435103,-1.0697252079560564,-0.34525983312747344,0.14600296388728576,-0.14149395685387894,-1.0950995570026674,-0.4562719384626059,1.123246425816293,-0.8989241959739523,1.0469175071888788,0.11864619769177565,-0.4197770143401166,-0.11963198233794375,3.0117350048165665,4.000870504889772,0.807360521808597,4.65066295833943,4.013302167011416,3.509204329727641,0.936102767655959,3.5433942646098155,2.955895639238271,3.2694787089855626,4.242314389265348,3.981917164060968,4.771911807604524,2.99347868276847,2.907994883857739,11.014638668633948,62.71898936643661,0.06514317318508733,0.041743645340474644,0.058196611309620526,29.688655325589455,0.0505392695694901,3.2914158097939117,0.48991458119541154,0.38210742529720504,0.005779960325448685,0.01350165663936937,0.005260052586462641,1.5230722814943707,1.7387119550653174,1.4043180711463206,1.3701852407086899,1.6402955472457261,1.7536943978764192,1.5747187807281693,1.4155751740400746,1.644222898598405,1.5241093170159912,1.7530036121729662,1.671506071947066,1.3344898721470733,1.8308584378423267,1.0
25.0,31.0,7.0,285.0,271.0,293.0,15.0,303.0,17.0,27.0,56.0,267.0,285.0,275.0,22.20415621728762,24.56292077978378,86.04621813512472,28.828119289521965,21.03719200499154,26.254213832597998,41.82277769951952,20.5865888485082,5.288402057000162,4.653127603659314,1.7598289064461152,2.3195332332916054,5.456991040309042,2.245151527130497,4.651305796932395,4.744081528231048,21.404325991033563,2.841553797405334,2.7297315450615396,3.0675600580383575,10.951700531929387,2.8679867574260354,1.3212170234732734,0.7748143636154047,0.31765605593788726,0.38569127514529045,0.5210012106923687,0.34064664490729046,-0.5829599610304959,-0.2762429087612306,-0.9039091808864468,2.402221801192953,0.6611986249735957,1.083630357925589,-1.0832524233641938,0.766019161817356,-1.146980930741076,0.32690819754416367,0.18352340253549837,0.44847969405358823,3.2660153957153657,0.5165445218656712,0.31783557374464233,0.431829977527112,-0.44752774693587705,-0.07198991211128995,-0.0522239623527994,-0.169476882415307,-0.19513382997340867,-0.13568740965055093,0.23208083962161366,0.4246800614769214,0.48014191643482534,0.2526161265240927,-0.07590295789589631,0.12579632385945788,2.622830909200738,3.062015568251031,1.5878037410372334,5.0896023921785405,3.6798493412374333,4.592004757886465,1.7181553518808035,3.261440360703653,2.419303815446838,3.2693683007390795,3.1705411475769454,3.378360838551195,5.530512093110411,3.256953018460863,7.72030664381585,12.347298513778762,65.61524231150506,0.06524917330125057,0.06117575941294572,0.05166756175274452,32.99143420459798,0.06186628003864759,3.971828246291664,0.5020259557846583,0.46831924078559783,0.007784761761193891,0.013028648330794602,0.006427755948554329,2.0884173190825437,2.023383661036867,2.0637949084662024,1.4185996534066996,1.7015100151843483,1.5787693320988578,2.1255819461562058,1.7584719608028476,2.120425117186949,1.9163142894803704,1.98191526066356,1.9250611266824444,1.3541810971033093,1.8227593794182884,1.0
28.0,49.0,15.0,306.0,284.0,275.0,42.0,297.0,21.0,33.0,70.0,285.0,293.0,296.0,22.318450715474455,22.5839377783318,27.361560478804222,15.327389549693635,14.758849427353198,18.483487635688107,22.3839855500255,14.6973340907889,6.207005029212988,4.16614377077115,3.183048449868312,3.233003529955421,2.5489376214197628,2.9156165593276286,5.292034392856806,3.2776926275544236,5.7676665275212535,2.50878178999961,2.4913508384294305,2.824416185184496,3.9944714768194194,2.5921507140809363,1.1469928871781014,0.7978905649637916,0.5272686220742906,0.5428120882649933,0.4461317812991843,0.4877203653361347,-0.8689862227889864,1.6859219112428336,-0.21829471661341904,0.06836330387957856,0.18905505320805904,0.6377632561287987,0.45119477471367553,0.12773734551318494,-0.3528833684546142,0.7401160916103091,0.5770659484396004,0.29619263948828234,-0.117329449560589,0.04643807925347865,-0.053221173389563135,0.5568329655852844,0.35297820973422156,0.17688417369406473,-0.06114453795935726,-0.24362494883122982,0.5212840102098976,-0.032477586966375656,-0.18138851298748457,0.6753224626441258,-0.0766819000162425,-0.040423558892765776,0.18929217850314634,0.21064158873218652,2.137255581608369,4.5297497017884565,2.7785291075874476,3.3395791005451883,3.0212965273815318,2.891999496123263,3.4488200595180327,2.8079757094692614,2.3277802280669024,3.1981081490311336,2.8173490522697597,3.014558005976651,3.0266553306133384,3.179282340819427,10.663498117840604,6.078386803952852,11.53506383666339,0.045179298776274066,0.04152866563934033,0.07890579608799564,3.7763829785992082,0.045189030018096335,2.822248450374119,0.6439338605226526,0.4929559541398973,0.011864075812778582,0.008695194204441656,0.009602001473471341,2.189257590717276,1.7706089900432664,2.0901868150347123,1.910141184349936,1.927007914714014,1.8359929803314796,1.9655313401628633,1.9633517137905507,2.026809813600883,1.9785315733126367,1.9095640174697677,1.9533225439490158,1.9739125894933816,1.9277770750009744,1.0
49.0,68.0,51.0,292.0,306.0,275.0,61.0,302.0,57.0,51.0,59.0,286.0,304.0,285.0,21.547127973296938,12.009357024317069,21.215445733883826,18.804531982663775,16.489589281999088,18.90055437609135,21.62167267684208,16.291535187711816,6.860457825206535,5.045085194728355,3.041606027084237,5.247157942184407,4.024956440758007,4.354823574086348,3.1787131776902817,1.9183162095681048,3.0987035443462934,2.6698593596511833,2.47694183005951,2.7270340133636695,2.947352980956034,2.541922297810938,0.8368492795685527,0.7404839122114945,0.5144261919826306,0.7124168416034404,0.7186855353074043,0.6605073357340239,1.566345992067701,0.8471363188635035,3.4346691473010846,0.5065780186244071,0.2778720580202667,0.6191290489339494,2.6497162382643396,0.15248757049535744,3.728838902702581,2.518633390899671,0.16569997575627493,0.7547459399234664,-0.10491679897832329,0.02619996197905028,0.48269484164367166,0.27759881341567505,-0.9377872278313986,-0.12355482892930109,0.07388626382228973,-0.16091641511980007,0.2650512276741141,-0.18080918208909547,0.6583759713377795,0.7658809794987568,0.034920310275324995,0.17561845663824516,0.07826064584399253,0.017184373779682228,3.717340336553832,3.7901715591955796,3.0414712814771687,3.3146173739847855,3.478601406715656,2.943834789834887,4.303144672765246,3.0730001368631226,4.494716850602136,4.361933983564288,2.7075002080939474,4.013185454556856,3.1534775066587186,3.347692508764553,1.770652955370041,1.675016834512227,4.834405987872599,0.07003741483395987,0.04815716327684067,0.09323118901041562,1.782386929797178,0.08166846868654586,1.0389407899992156,0.6284609880088033,0.599010168017823,0.02632978063168087,0.014912599609556822,0.010435367534066748,1.7576803734608082,1.8728423190311587,1.628757538805783,1.783775929634521,1.8265443508196415,1.7722686398778735,1.6596382947078876,1.8619034677207587,1.4452618393084715,1.7533705149493684,1.9376273343342028,1.7130801755382445,1.9815451893600018,1.846376834212179,1.0
40.0,63.0,42.0,307.0,289.0,282.0,42.0,298.0,40.0,65.0,59.0,284.0,291.0,280.0,39.69778581208516,14.92329850076203,67.48078326643099,18.716108624690378,19.459065418402133,22.65164726510011,48.921436234023076,19.992468180050764,11.768025717902916,3.8352934698368957,3.542399897480845,3.950786153093426,5.70005361371955,3.1518622869994224,5.027334953078624,1.9116476464724486,6.613805753598408,2.7833116054846885,2.7165635211216568,2.6845126066290277,5.661981699443682,2.705983824696663,1.2227588487405203,0.543142509265416,0.38881993168151147,0.498075802711753,0.7774772413687748,0.4275880242432651,13.978027248697444,2.8473981127714545,30.428848834550834,0.5637332419750583,0.5074019736359778,2.0070122874622234,20.71826144837915,0.8358526028094793,26.769521201163915,1.8295880081963691,3.0048182199155615,0.748976340313459,0.5458452577928767,1.0434646912568564,-3.2011479013588335,0.8911970513655576,-4.907719812947074,-0.1545634018139849,-0.002652939863818634,0.4563692912400994,-4.000408655883438,0.0540609698219777,4.60800373499231,0.39791973005232245,-0.13727790886742366,0.2000641779129508,0.032143143609660044,-0.17140632246935794,1.7527633918529428,5.732443561199643,1.4561879000863287,3.1975610911283385,3.464858550559958,5.716605508643279,1.4992988898822281,3.9442933403600846,7.998368359962254,3.8170522255230313,5.4957817402708935,4.3413408897190555,3.677712248389348,3.0828542500228813,4.308887212044482,0.3478987320387985,4.479681369470431,0.05696158433304681,0.06736618688854462,0.07965063285456377,4.606595320538533,0.07648633542277176,0.9274197265048622,0.2897622331409819,0.11253744011069228,0.008219078357821359,0.02060903830310096,0.01172068024578609,1.3034788910096518,1.6318264229673896,0.8713011921573359,1.8260134609331808,1.7697606902829284,1.5992427215161074,0.9271817340403467,1.7069080739189881,0.8127309165175475,1.7177784914073895,1.4570843984414614,1.6584103246807471,1.7301268561721836,1.7204615863683528,1.0
6.0,42.0,2.0,282.0,273.0,278.0,2.0,299.0,6.0,50.0,47.0,268.0,273.0,288.0,57.002763594348835,26.633456422591735,111.07233299215932,24.614350541478416,19.343250207323763,35.18580611737025,85.4383420895033,23.424997777191493,6.048917837856177,4.009695666770981,1.2488826929478583,1.847109848123977,3.276878620171739,1.5369453989130915,12.429542015213238,4.50898221343465,31.035093777447905,2.9766971401710873,2.8386833090775467,3.312913544409432,22.051441387768268,2.7863639822427846,1.4838084664326843,0.6134609041841386,0.2181009484233189,0.31840039278497545,0.45576496205380757,0.18210469960183054,-0.7311473201560865,0.2796314089350389,-1.3478542854326732,0.9147237098520828,0.19280284408254023,3.8334332765905526,-1.291254164090482,1.3238602119381966,-0.8899211509480032,1.026366420491156,0.21111018712913587,-0.17360720624185344,0.2593649615658493,1.0252450900100296,0.20019364570691653,-0.3847304333411903,0.13323705674698283,0.26269035664727597,-0.050361375665879254,0.27518739399240655,0.06269821437212084,0.20688734825511804,0.3451575508436707,0.09487261141567792,0.012849825723275893,0.013019254384256386,-0.045488173600641967,-0.09041610839412798,2.759247010749467,2.8131233691176005,2.0660878035546317,4.601812730046302,3.4051043179362046,5.265457063761918,2.1270633254125135,3.966871524131512,2.6130662746596727,3.679150118168656,2.9099970099543415,2.895224049165354,3.680155374356634,3.9624936685449703,18.332758223320777,4.276820135931368,50.75913650166173,0.10557610551577502,0.05928645009355003,0.053958118580385454,35.57327439745482,0.08217212743267917,2.2521221314615305,0.4603513797226305,0.17046591307992529,0.005320328614664351,0.011453184235937606,0.0056675035037792015,2.009205158910795,1.9250446488347375,1.8557308214018344,1.629439094979578,1.8085974600946992,1.3387122265500162,1.9876142600516749,1.582857144996345,1.962753891671983,1.820765254998561,1.9598344585108085,1.959900364483441,1.7624910572497556,1.5852097003258394,1.0
34.0,58.0,12.0,290.0,284.0,276.0,24.0,298.0,28.0,58.0,50.0,276.0,295.0,280.0,39.440697641525276,25.996651344079055,58.30946935090833,22.918464592073406,27.174670442047045,24.890548847927676,46.62693710071699,18.90215280332677,7.347950402111465,4.61284084072469,3.3874800425314167,3.8243704887349343,5.105472063338983,3.030584068106989,5.643233705409479,3.160705353135494,11.40711940729997,2.9063239744757166,2.7567637252596224,3.1345506777376344,8.24240500811589,2.7892233086276597,1.2663631068537722,0.6733281543468491,0.44987314372317994,0.4500780259602942,0.591575718224689,0.3791273141463566,4.075225783165872,3.4158180215665013,1.269133744719107,0.8402862566529006,1.838627564862593,1.1328109817094107,1.9804820098485125,0.3782436927664352,1.6705301317117822,2.1468225569214123,1.652927883006181,1.8848630942269065,0.9397299975487776,1.5341712546852246,-1.4565407474344394,-0.17353633886830902,-0.8677554785159227,-0.1511351312642055,-0.09570459531637351,0.06270735985278145,-1.0512114141814528,0.05374759578098154,0.9992058455843199,0.9119221653969292,-0.34196685879526656,-0.07868626368952988,0.09137587606059618,0.06684018554063169,2.021844470990349,3.59523620413299,1.8680405642669826,4.134914215867487,4.765419931252364,4.176188909515263,2.216549123516302,3.445247774717834,3.5324355411734607,3.859256785051259,3.6636514728547955,3.594694603183674,4.389742199649611,4.122396608665846,7.29153663810334,1.7517120912325246,15.63816064269867,0.048593301968522996,0.04452930577758248,0.06413476699637313,11.95472724030205,0.04988347499560092,1.628683766197881,0.6747222360741151,0.32943573912511936,0.008466010569352162,0.00926970293525478,0.006242638597963845,1.6264289379052201,1.5579474668214974,1.9171660453426604,1.6633228951156707,1.4375709543530057,1.63591167083586,1.8058101645507507,1.8215810822687144,1.8032332606503427,1.7317338131585431,1.6625332425969543,1.5969007466123488,1.5868332331239996,1.6245037938293787,1.0
1.0,58.0,1.0,278.0,281.0,280.0,1.0,281.0,1.0,42.0,61.0,279.0,279.0,300.0,71.65176316063707,19.886554691560832,112.99049994007532,17.889047212091782,18.788674641423768,20.400634880695407,100.65251369822454,17.17491516926748,4.534393062122824,3.800421990456319,0.7739596203546519,1.4642857159530647,4.117939165877699,0.6199116150335449,22.157511068209214,3.256583771474227,40.987263377222256,2.660490749428178,2.7218119669914222,3.001784699647296,35.16399105065812,2.7315909294881093,1.4298864535160347,0.7029996816183572,0.11400115666841515,0.2179025756509833,0.6028564574551732,0.09775903200309131,-1.6221468150507852,0.8869452671799327,-1.705829586824877,0.18727300523773227,0.49071971592606634,0.21743715426417598,-1.64052220706379,0.10050879719954109,-1.4552013155445178,-0.08294367523176893,1.5375499355325726,0.26335490776574977,0.4979770862867885,0.04880240996305307,-0.1396250374133584,-0.37628608614365916,-0.0991355750304899,0.11369185960219523,0.11817495572644988,0.12886811077042107,-0.16242367330053198,0.26564598417093993,0.2932654822851143,0.5510616199547688,0.8051986374515745,-0.1374700072365381,0.11709192006155802,-0.040686523282254465,1.370197377386111,2.8100028891345996,1.2064041226447055,3.4447123171126077,3.771873902988762,4.029550421116707,1.1495128111726405,3.5268208667732552,1.9662118468411676,2.971139601984877,4.237722000034053,3.286229775661191,3.758330124292002,3.0456432468063244,61.807998185334434,2.0774615072047844,114.04179728292968,0.061443802287143544,0.06020093989173696,0.07586470736175384,97.04652370069313,0.05867094927756526,3.827830090842216,0.9638100125899135,0.050713477196518725,0.003975422622919484,0.013740735586232525,0.001584212929822999,2.0282489504815526,1.8465312020900635,1.8301797933542185,1.808952264079009,1.797977540319373,1.815879297673292,1.8461099629275453,1.8865329550687513,1.936496055796621,1.9408023506193497,1.7685474137939643,1.8089149488137077,1.8037320566259436,1.8915049401137796,1.0
1.0,64.0,1.0,255.0,287.0,265.0,1.0,286.0,3.0,70.0,46.0,271.0,291.0,267.0,89.21603162736119,25.397077503389937,89.71414592582005,29.81861728246554,19.07976003554586,25.78124893623317,96.3340172827825,21.708427095751176,5.461102170573644,5.879141267353507,1.6105303505346054,1.6581238164137826,4.131085261868429,1.1843456604109044,18.468123911656022,3.329173506865561,32.926856948185886,2.812200306721751,2.6693206025433485,3.1549489047674464,27.340879187024164,2.5267459077064283,1.416678257382017,0.7201262302287688,0.16843528956093945,0.24792145259047582,0.5754616041464924,0.12474051262641721,-1.2588939089516293,1.6218769293841913,-1.7387959896266911,3.6114305214453957,0.5182765775471605,1.3017596507555913,-1.6648148387630408,0.6037476089831912,-1.5623428932688477,2.758754465295822,12.435592729951768,0.6379554586682112,0.5486220495932574,3.078991693079261,-0.24101771945593845,0.27358682621350017,-0.413776696976089,0.403916427936751,-0.1817568066313444,-0.26525515293733753,-0.4168249912552836,0.11433251907238773,-0.2689338284589116,0.5783521201908156,2.491261648030044,0.19530504705233742,-0.19018597734515963,0.44808509519942474,2.848082159088121,4.299693282393408,1.1838598101300735,6.511651095605964,3.416437394791653,3.0951832683596243,1.6604096276067668,4.375004683433034,2.226793270899267,4.561099045011464,6.835681062251103,3.59749873494804,3.3981238990156615,5.801318986763005,51.78879771557053,3.017098031864785,92.92666212610014,0.07075867815248976,0.07104088342437712,0.10178639117462696,77.28497360670973,0.053921487154784876,3.9573727559014027,0.6237705523216889,0.10107620245756417,0.008611511078931404,0.014518990831273774,0.002340363415850924,1.4946907380165062,1.6618612423112273,1.6489156194065973,1.3780856308978633,1.7479224414805612,1.6163195798459948,1.4632994373439168,1.58153491874232,1.7736139580142911,1.5951588595936426,1.266626519895999,1.830566349266542,1.7536743619997528,1.4401989573397227,1.0
59.0,62.0,27.0,272.0,254.0,245.0,35.0,254.0,45.0,60.0,35.0,237.0,268.0,275.0,59.07302732740072,42.61605207160619,64.273011527177,35.373056740239235,38.84445677198801,30.549249636217155,48.94123753030408,21.710709249502088,8.484198965816102,4.994872318345926,3.4589922168891594,4.613335607387107,4.0965606897913585,2.738864961977309,6.725369081466122,5.410196071777786,11.185529846917197,3.5397766490893052,3.8802510125955334,4.174831190666571,7.612210715545864,3.3553046336923162,1.2226407095834462,0.6298644580902347,0.5763746758582803,0.5047699113159383,0.525891047869833,0.33252227102412296,6.510031897727341,1.4994465196119702,0.024802538442453947,2.594506236862638,3.7775917155785654,2.355797483359096,1.0638191371649288,0.388167561850711,1.0676502992912944,2.7972686905761757,-0.14586747965336055,3.2139175659146044,1.8741317789755403,1.3469634201527727,1.3046671976670645,0.05612935891021586,-0.6411197101319478,-0.011950705498470387,-0.30712048867435626,-0.3354663996878521,-0.3150194397865087,0.06648163748444678,0.0729521399488331,-0.6818346215442678,0.17689730549967486,0.25808568917122343,0.23051956826027578,0.14745865177048548,5.835185516763686,3.522777304341603,2.61792708818181,5.189463377681685,4.2859405509604445,3.0784261706224783,3.3343681250818036,3.330838697559733,3.729431954563248,3.25508759991951,3.1309140465053584,5.061232271484309,4.281931863266927,4.616520515900742,8.754435452854253,3.1305274601657445,20.928023340875807,0.06231576445139666,0.09728450290806084,0.10003472337311728,14.297341226083939,0.08959105380477074,1.9316357748803168,0.5589211304946143,0.6680918643047109,0.010364074527158566,0.011666094792792769,0.009280936691552766,1.4634510554329476,1.650907432888357,1.9052523394174374,1.4401339222062148,1.4075442359634722,1.6899047387773134,1.8330771799053356,1.8731885060791944,1.7620963609869635,1.5901539551332562,1.9229371014807137,1.497709136458238,1.6486877887306615,1.607036306961584,1.0
